IdDeliveryDriver,licensenumber,datehired,rating,studentid,Students_email,faculty_email,staff_email
16860910 3539,V9O 6H7,04/03/2021,3,16670329 1515,lorem.vitae@nec.com,Sed.auctor.odio@blanditmattisCras.net,tristique.senectus.et@eu.com
16330628 8014,N9G 9Y5,09/02/2019,10,16930217 3753,fringilla@Donec.co.uk,turpis.egestas.Aliquam@ornareIn.org,sapien.molestie@acmi.org
16261204 2107,B3H 1R1,06/23/2020,3,16081123 8872,quis.lectus.Nullam@nuncsed.net,fringilla.ornare@eratVivamus.edu,primis@erat.edu
16710618 9181,S8I 9R8,06/01/2019,7,16300406 5623,cursus.a@Nuncquis.net,velit.Cras.lorem@Morbimetus.co.uk,metus.vitae@dignissimtemporarcu.com
16180508 9099,R2O 4V0,12/26/2020,10,16590122 7602,Nunc.ac.sem@aliquet.com,fringilla.est@euneque.ca,Suspendisse.eleifend.Cras@ametmassa.edu
16610710 0940,J8A 3X8,10/30/2020,5,16321115 5597,augue.Sed@morbi.edu,sodales.purus.in@Maecenasliberoest.org,fermentum.risus.at@adipiscingenim.net
16221212 6383,A2D 1K7,07/11/2019,9,16470520 9924,Nullam.feugiat@turpisnecmauris.edu,lobortis.quam@ante.edu,adipiscing@eunibhvulputate.org
16480509 3301,J7A 8Q4,01/10/2020,9,16980427 1667,Morbi.neque.tellus@eget.co.uk,penatibus.et@mattisvelitjusto.net,erat.Etiam.vestibulum@Donec.net
16080213 0302,Y2Q 0M1,09/20/2019,9,16150708 0818,molestie.pharetra.nibh@velarcu.net,elit.Nulla@volutpat.com,consequat.purus.Maecenas@eu.edu
16240907 0360,R2P 3Y9,10/15/2020,3,16730707 5031,tellus.lorem@euarcu.com,vel@adui.com,netus.et@quamCurabiturvel.ca
16320104 8505,O9B 6U8,08/04/2020,8,16030322 2848,augue@tincidunt.co.uk,quis@dolor.ca,tincidunt.nibh.Phasellus@sapien.edu
16980811 3733,P5F 5L3,09/25/2020,8,16900410 3504,pede@sempercursus.org,elit.erat@tellus.edu,est.arcu.ac@lacusQuisque.net
16750423 4670,H8O 1N8,09/06/2019,8,16450812 8990,risus.Donec.egestas@convallis.net,Mauris.vestibulum.neque@consectetuer.org,aliquet@Class.co.uk
16440203 1860,V6E 8D0,12/06/2020,9,16580722 5668,ut.pellentesque.eget@magnisdisparturient.com,est.tempor@eget.edu,libero.Proin@ligulaAliquamerat.org
16670829 3987,W8V 7Y7,04/28/2021,8,16030909 4712,magna.malesuada.vel@scelerisquenequesed.edu,semper.tellus.id@urnanec.ca,diam.dictum@a.com
16101124 4074,U0O 0F8,03/14/2020,9,16320912 6600,nec.mollis@Vestibulumut.edu,In.mi@justo.com,Curae.Donec.tincidunt@ametante.com
16460613 7786,L7R 9L1,04/08/2020,9,16460716 4680,magna@pede.co.uk,elit@Aliquameratvolutpat.com,tempus.eu@noncursus.ca
16670727 5993,E0L 2S0,08/02/2019,7,16870802 5724,magnis@temporestac.co.uk,eros@Lorem.org,nulla.ante@nullaante.com
16110813 3222,U5W 0E2,06/21/2019,7,16640403 0238,Class.aptent.taciti@semelit.org,Phasellus@infaucibusorci.edu,a.magna@risusquis.net
16601206 4280,E6P 8I9,01/28/2020,8,16681027 4297,sem.egestas@miAliquam.ca,imperdiet.ornare@magnatellus.ca,per.inceptos.hymenaeos@velitdui.ca
16270228 3728,Y5N 1O7,01/22/2021,4,16801207 1935,eu.enim@vitae.net,varius@commodohendrerit.com,dolor.Fusce@iaculisaliquet.com
16891002 3012,H8F 5Z0,12/28/2020,10,16770408 0907,vulputate.nisi@Etiamligula.net,sit.amet@tellus.org,sem@nislMaecenas.edu
16211009 9419,P9Z 5T1,05/01/2019,2,16410819 9979,mi@maurisipsum.edu,et.ultrices@semsemper.edu,Nunc@Suspendisse.org
16100619 8244,Q4F 0D7,01/20/2020,5,16310409 8508,pede@nectellus.net,cursus.purus.Nullam@sodaleseliterat.co.uk,parturient.montes.nascetur@In.co.uk
16000621 3417,U0R 7Q4,12/22/2019,1,16620325 2942,Proin@sedsapienNunc.edu,Nunc.lectus.pede@viverraMaecenasiaculis.com,id.nunc@vitae.edu
16170520 6637,U2H 7J8,09/16/2019,4,16401108 4847,in.lobortis@imperdietullamcorper.edu,Sed.nec@nec.ca,eu@ametfaucibusut.org
16640524 8128,D6V 2N6,02/01/2020,8,16161114 3155,a.arcu@sapienNunc.ca,et@at.edu,pede.Nunc@luctusCurabituregestas.co.uk
16080205 0542,Z6I 6F1,01/25/2020,7,16140417 1363,lobortis.nisi.nibh@estNunc.org,sit.amet@elementumpurus.org,metus.vitae@cursusin.net
16940423 5112,B7F 6I5,11/26/2019,6,16210602 6020,augue@ullamcorper.com,dictum@laciniamattisInteger.com,sed.consequat.auctor@urnaNullam.com
16220902 4443,Y8P 1A0,02/27/2021,10,16961209 2925,enim.diam.vel@interdumlibero.ca,lobortis@actellusSuspendisse.org,turpis.Aliquam@elementumdui.org
16771209 3108,X0P 2K4,07/16/2020,5,16180821 3829,enim.condimentum@scelerisque.edu,ac.fermentum.vel@blandit.co.uk,ac.tellus@aliquetmetus.co.uk
16750824 1309,O7X 2D7,05/07/2020,4,16731114 6489,sed@interdum.edu,interdum@gravidanunc.org,Integer.urna.Vivamus@ridiculusmus.co.uk
16930519 1091,T7U 4C4,03/09/2021,2,16830621 3862,lobortis.risus@vel.co.uk,at.arcu@pede.net,gravida.non.sollicitudin@ipsum.ca
16740201 0404,T2P 8C9,05/04/2019,2,16071223 2651,sed@Maurisnon.net,cursus@Donecelementum.org,sollicitudin.commodo.ipsum@sitamet.com
16100217 3472,A4M 2B3,07/23/2020,6,16060128 9150,ultrices.a@gravidasitamet.com,sollicitudin.commodo@commodoatlibero.edu,dui@Aliquam.org
16570616 2582,S5U 7P6,09/11/2019,1,16061120 1328,Nunc.sollicitudin@Donecluctusaliquet.edu,auctor.odio@necurnasuscipit.edu,Morbi.sit@velconvallis.com
16580921 7572,U8O 3L5,07/23/2020,10,16831119 2093,Donec.nibh@Integer.co.uk,elit@Proin.net,id.erat.Etiam@lorem.edu
16660715 1591,H8J 0M2,09/28/2019,6,16850613 2383,egestas@et.co.uk,scelerisque.sed@tempus.ca,imperdiet.nec@utquamvel.net
16150205 6029,A6F 1E3,09/07/2020,9,16530514 2621,molestie.orci@ante.ca,ante.dictum.mi@Duis.co.uk,gravida.molestie@cursuseteros.net
16341108 4563,O0E 8K2,09/22/2019,1,16710809 9321,tristique.pharetra@quamPellentesque.org,purus.in@auctorvelit.com,ridiculus.mus@natoquepenatibus.com
16731118 3102,O3D 2H9,12/04/2019,8,16400307 1539,tristique.ac.eleifend@vitaealiquet.edu,sed.tortor@porttitor.ca,auctor@Aliquamultricesiaculis.edu
16190201 7183,B0U 3W9,08/20/2019,10,16801125 6172,nulla.Cras.eu@vulputaterisus.ca,auctor@doloregestasrhoncus.edu,nibh.enim@odio.com
16880125 6887,P7H 7R2,04/02/2020,10,16611219 5497,massa.Integer@Morbi.org,Nullam.velit@metusvitae.co.uk,eleifend.nec.malesuada@tellusfaucibus.org
16661228 7604,F0L 1D3,07/29/2019,10,16441224 6748,Aenean.eget.metus@tincidunt.ca,amet@Fusce.edu,turpis.nec@lectusjustoeu.com
16450703 4793,O2H 2W5,10/20/2019,4,16080117 8989,convallis.ante@lectus.ca,dictum@justo.net,Sed@purus.org
16710515 0291,P6G 1Q9,11/18/2020,6,16520225 4719,nisi.nibh@vel.org,scelerisque.neque@sagittis.org,semper@tempusscelerisque.edu
16410108 4285,Q0S 1S5,05/15/2020,1,16380706 6752,adipiscing.ligula.Aenean@Etiambibendumfermentum.edu,Sed.nulla@metus.org,eleifend.Cras@ac.com
16201230 5039,S8H 8K5,03/18/2021,5,16250307 5976,nec.quam.Curabitur@placerat.edu,augue.eu@eget.ca,fringilla@nasceturridiculusmus.org
16480520 5467,I8W 2B2,10/21/2020,1,16820216 4722,ut.nisi@nonmagna.co.uk,fringilla.mi@velesttempor.ca,a@pharetranibhAliquam.co.uk
16051026 5838,Y7O 6Q5,09/13/2020,10,16200609 9804,euismod.enim.Etiam@Proinvel.ca,id@Fuscemilorem.org,In@musAenean.com
16871204 1188,G3H 8S5,03/04/2021,9,16920906 7413,euismod@placerataugueSed.ca,erat.eget@montesnasceturridiculus.edu,scelerisque@Donecconsectetuer.net
16090801 4541,K6W 5J0,01/22/2020,4,16481215 3627,velit.Sed.malesuada@Praesent.net,Donec.fringilla@Nunc.net,adipiscing@odio.ca
16740813 0057,J8J 2M1,02/01/2020,4,16401020 4644,dolor.nonummy@euenimEtiam.ca,pretium.et@Cumsociisnatoque.ca,Nunc.mauris.sapien@dapibus.org
16310304 6268,U2C 7L8,09/22/2019,7,16461221 6756,rhoncus.Proin.nisl@Cras.com,aliquet.metus@enimgravidasit.org,justo.eu@commodoauctor.ca
16300401 4613,H0N 2I3,09/10/2019,2,16460908 1437,nisl.Maecenas@liberoest.ca,Morbi@elementum.net,ipsum.dolor.sit@tortorInteger.ca
16740510 1705,J9I 2N0,12/27/2020,2,16881229 4158,aliquam@velvulputate.ca,Integer.vitae.nibh@odioAliquamvulputate.org,tortor.nibh.sit@velvulputate.ca
16260804 6955,U9D 2C5,01/27/2021,5,16120829 7513,nec.diam.Duis@enim.net,Aliquam.vulputate.ullamcorper@Nullamut.net,enim.non@Nullamlobortis.net
16661026 5511,Q6N 0D8,07/30/2020,3,16480206 6805,Suspendisse@diamdictum.edu,metus.In.nec@Morbisit.org,dignissim@faucibusorci.org
16880602 5808,Z9W 2H2,01/21/2020,5,16870927 0840,montes.nascetur@elementumdui.ca,Mauris.molestie.pharetra@utodiovel.co.uk,arcu.Vestibulum@imperdietnec.net
16910122 7354,K2R 4C6,10/03/2020,9,16950315 8959,accumsan.neque@quisurnaNunc.org,bibendum.ullamcorper.Duis@velitjustonec.com,lobortis.nisi.nibh@sitametlorem.net
16000905 0857,N7Z 8Z7,01/22/2021,9,16821125 3995,nulla.Donec.non@sodalesat.net,ipsum.primis@vitae.ca,Cras.dictum.ultricies@velvenenatisvel.org
16140502 3829,B7B 5A2,07/06/2019,4,16520505 3498,Donec.elementum@ultrices.net,scelerisque.mollis.Phasellus@orciUt.net,nec@pede.co.uk
16520910 6987,A8I 5V2,03/06/2021,2,16400230 6167,natoque.penatibus@fermentumrisusat.net,tempus.risus.Donec@acturpisegestas.net,convallis.dolor.Quisque@Pellentesque.co.uk
16621120 8415,S6Q 5P0,12/08/2020,1,16550122 9461,Cras@dignissimpharetra.ca,nunc@pharetrasedhendrerit.net,eleifend.egestas.Sed@auctor.org
16650625 7705,W5G 4A2,08/21/2019,2,16670105 3750,magna.sed@euodio.co.uk,dui@morbitristiquesenectus.com,nunc.In.at@nunc.net
16701026 4252,M4C 4E6,01/08/2021,10,16981121 9618,Phasellus@tempus.com,facilisi@mattis.com,eu.euismod.ac@sitamet.co.uk
16950907 8060,L0I 7R9,07/04/2019,4,16030903 4486,at@scelerisque.net,eget@sodalesnisi.net,dolor@scelerisquenequeNullam.com
16701213 5179,K0W 9I8,12/10/2020,2,16481109 8005,volutpat.Nulla.facilisis@enim.ca,enim.Etiam.imperdiet@imperdiet.edu,auctor.vitae.aliquet@nibhvulputate.com
16700211 7559,L6F 7O8,10/06/2019,9,16061214 1895,non.hendrerit@semNulla.org,Praesent.eu@feugiatnecdiam.co.uk,elit.Aliquam@tincidunt.ca
16610721 7397,P1B 6G3,01/03/2021,2,16500518 7058,Mauris@eleifendnec.com,Maecenas.mi.felis@ante.edu,nec.urna@duiCraspellentesque.net
16400725 2903,Q7C 6G3,08/08/2019,8,16010610 5612,gravida@volutpatNulla.ca,eros.Proin@Naminterdum.com,magna@sedsapienNunc.org
16630615 5430,B6J 1Y9,05/26/2020,3,16380922 0019,nec.metus@vitaenibh.ca,sem.magna@euismodacfermentum.ca,mattis.ornare.lectus@necmauris.org
16380830 0366,C7L 3I3,07/11/2020,10,16051019 6363,et@aliquameu.com,nonummy@rutrumurnanec.ca,ut.eros.non@aarcuSed.ca
16380907 2709,X8A 5P2,11/14/2020,8,16780715 0227,ridiculus.mus@Integer.edu,elementum.lorem@semutcursus.edu,id.magna@etcommodo.edu
16930410 4558,N1W 8L8,02/02/2020,10,16480121 0214,faucibus.leo@dis.ca,ullamcorper.nisl.arcu@nisisemsemper.ca,magna@orciUt.edu
16431117 7705,Z2Z 8H6,07/10/2020,8,16830130 6414,leo.Cras@orci.net,libero.est.congue@Etiamlaoreet.net,pede.nonummy@iaculisaliquet.com
16760308 3986,G4U 6N1,11/30/2019,9,16231006 5681,purus.gravida.sagittis@Suspendisseac.ca,malesuada.augue@nequeInornare.edu,metus.Vivamus@risus.co.uk
16490730 4127,J7S 4M1,08/22/2019,3,16050104 4135,iaculis@rhoncus.org,neque.et.nunc@et.org,at.sem@IntegermollisInteger.ca
16000819 0654,I4R 6Z5,11/24/2020,9,16430408 5451,augue.eu@dictum.net,amet@hendreritneque.org,Etiam@egestas.ca
16080509 7045,J5V 6G1,03/28/2020,4,16770226 7746,sociis@pedePraesent.net,lectus.rutrum@Nuncsed.net,enim@Curabituregestasnunc.com
16540228 3203,V7P 0P4,01/25/2021,9,16161214 3873,natoque.penatibus.et@Donecegestas.net,Pellentesque.habitant@tellusSuspendissesed.edu,Curabitur@lectuspede.org
16001122 2353,D6Y 4U1,09/17/2019,7,16920208 2906,Vivamus@amet.edu,Vivamus.non.lorem@facilisis.org,ante@Integerurna.co.uk
16711118 4086,B7X 7T1,12/22/2020,3,16581116 1222,eu.enim@Quisquepurussapien.ca,accumsan.convallis.ante@magnaatortor.co.uk,amet@musProinvel.net
16811214 9888,R1X 3Q4,12/17/2020,2,16530426 7593,purus.gravida.sagittis@in.ca,vulputate.posuere@ipsum.ca,dui.quis@sollicitudin.edu
16671017 7939,P1C 2R2,10/01/2020,5,16300216 9724,posuere@etcommodoat.co.uk,nisl.Maecenas@nibh.com,vulputate.eu.odio@Nuncmauriselit.com
16410321 6463,L8I 8P9,03/02/2020,7,16230426 0124,eros@nislQuisquefringilla.net,Maecenas@pede.edu,Sed.eu.nibh@ipsumleoelementum.co.uk
16381229 9117,L8F 4A1,12/23/2019,2,16381127 6082,placerat.Cras.dictum@ultricesDuisvolutpat.org,tincidunt.pede.ac@Integervitae.co.uk,Cum.sociis@Phasellus.edu
16920606 7606,V0N 3K7,09/15/2019,1,16811208 6627,pede@bibendumullamcorperDuis.ca,et@at.com,auctor.ullamcorper@sit.org
16150824 2805,O4H 3F1,08/26/2020,5,16550822 4572,Etiam@Duisgravida.net,vitae.orci@felisegetvarius.edu,molestie.in@atvelitPellentesque.org
16001024 5017,V1K 9O6,04/21/2020,3,16130807 6189,tristique@eleifend.com,ullamcorper.eu@ipsum.net,enim.commodo@enimgravidasit.com
16141026 0077,J9L 1X6,01/22/2021,1,16490515 4045,Praesent.eu@atortor.ca,nonummy@ligulaAliquam.ca,Sed.eu@ametmassa.com
16021219 4955,H4G 8L3,06/12/2020,7,16901003 6466,in@enimSednulla.org,semper.et.lacinia@imperdietnon.com,mauris.a.nunc@milaciniamattis.co.uk
16840722 1053,Z6R 4N3,11/23/2020,2,16320402 5658,mi@ligulaeuenim.com,neque@euultricessit.org,enim.sit@lacusQuisqueimperdiet.com
16970710 3645,I6T 8P6,06/16/2019,1,16160613 6842,sem.mollis.dui@eget.com,neque.non@Mauris.edu,arcu@Vivamusnonlorem.co.uk
16601114 9090,F5G 0Y7,10/05/2019,4,16430113 8964,erat@Fuscemollis.co.uk,dui@ante.ca,scelerisque.scelerisque.dui@faucibus.ca
16401016 8203,Z0Z 1D8,07/06/2020,6,16301018 3261,in.felis@fringillacursuspurus.org,magna@Proinultrices.net,eros.Nam@acmattisornare.ca
16391211 5569,F1I 1H2,08/01/2019,5,16851122 4167,Pellentesque.habitant@vulputateposuere.edu,Pellentesque.habitant.morbi@lobortis.com,tincidunt.vehicula@mattis.org
16470823 1537,R9O 9H9,09/02/2019,4,16430314 9456,elit.a.feugiat@necmauris.ca,risus.varius.orci@anteiaculisnec.edu,ipsum.dolor.sit@acurnaUt.ca
16550804 1794,D6R 0D3,12/01/2019,3,16980912 7930,amet.diam@utnisi.co.uk,magna@inmagnaPhasellus.ca,egestas.Aliquam.nec@euismodest.org
16950623 3668,L1Y 1P2,02/11/2021,3,16811010 0529,interdum.ligula@euismodmauris.ca,Nullam@arcu.ca,vulputate@felisullamcorperviverra.ca