fulladdress,locationname,locationID,dropofflocation
814-2097 Molestie Av.,Oklahoma,94255,623-5569 Eu Av.
465-5066 Mollis Rd.,OR,21196,9512 Fusce Avenue
"413-7550 Vitae, St.",MO,15214,"P.O. Box 709, 963 Purus St."
Ap #769-9743 Urna. St.,Alabama,36114,7532 Senectus St.
"P.O. Box 324, 8876 Morbi Road",KS,38852,"P.O. Box 986, 2381 Vitae Rd."
Ap #688-5373 Proin Ave,Ohio,52361,1309 Erat. Av.
Ap #395-7420 Aliquam Avenue,California,96991,Ap #155-2897 Ut St.
Ap #501-5049 Sodales Rd.,Arkansas,71028,Ap #760-7575 Ultricies Rd.
"P.O. Box 137, 7185 Est St.",TN,13511,"P.O. Box 712, 2082 Consequat Avenue"
878-8195 Tellus Rd.,Colorado,41345,"P.O. Box 774, 1525 Et St."
212 Ante Avenue,Minnesota,79459,595-6073 Velit. Rd.
"P.O. Box 237, 2624 Magna Rd.",IL,37148,Ap #953-4147 Et Street
"P.O. Box 158, 9419 Facilisis Rd.",Oregon,57616,7696 Aliquam St.
Ap #917-1895 Velit. Road,FL,99002,Ap #219-5372 Fusce Ave
418-5394 Lorem St.,OH,62316,Ap #872-1129 Nam Road
5720 Tempus St.,Oklahoma,16679,1860 A Street
Ap #642-1308 Morbi Street,KY,98611,745-4726 Urna. Rd.
"Ap #871-616 A, Rd.",Florida,43028,756-3772 Est. St.
Ap #411-9565 Quisque Road,Idaho,78232,"P.O. Box 940, 4923 Pretium Avenue"
581-1323 At Street,MN,31568,979-2715 Erat Street
Ap #369-6451 Fusce Rd.,Washington,91471,6833 Egestas. Street
Ap #401-9297 Lacus. St.,CO,72529,555-4316 Tempus Rd.
"P.O. Box 532, 7697 Malesuada St.",Oregon,49163,Ap #583-2002 Dolor Street
"P.O. Box 915, 7356 Amet Street",Maine,88391,"Ap #998-3425 Ullamcorper, Street"
2245 Nisl. Rd.,Hawaii,37081,714-6772 Duis Road
205-1163 Malesuada St.,Kansas,82278,Ap #936-5479 Morbi St.
3055 Aliquam Rd.,Maryland,53020,120-3218 Sodales. Av.
Ap #754-5750 Egestas. Road,Nebraska,86067,"Ap #715-537 Lorem, Rd."
"P.O. Box 538, 1626 Eu Street",Arkansas,71746,Ap #562-9771 Vulputate Rd.
4398 Elit. Road,Texas,48040,687 Nunc Av.
2161 Interdum Ave,California,91704,650 Urna Avenue
"P.O. Box 414, 4153 Aliquam Avenue",PA,57884,"P.O. Box 436, 6848 Est. Rd."
Ap #196-7770 Donec Rd.,Arizona,86398,"P.O. Box 271, 9482 Arcu Street"
Ap #481-6637 Posuere Street,Alabama,35736,Ap #518-8707 Faucibus Ave
"200-1524 Vulputate, St.",Massachusetts,81382,2387 Dui St.
"P.O. Box 690, 8600 Eget St.",CT,95260,676-8298 Dui. Av.
337-1488 Et St.,Nebraska,88170,Ap #651-9211 Rutrum St.
121 Nullam Road,Georgia,66638,"P.O. Box 424, 4660 Sed Av."
548-7908 Duis Rd.,IN,82567,"P.O. Box 616, 2190 Libero. Rd."
469-2484 Ac Ave,CO,91242,9204 Pede Rd.
597-6749 Egestas Road,Oklahoma,62052,Ap #497-346 Et St.
245 Ipsum. Ave,IN,76122,"P.O. Box 248, 1443 Non St."
"463 Purus, St.",Arizona,86216,495-6662 Porttitor Avenue
573-5363 Porttitor St.,Wisconsin,21671,"619-5132 In, Av."
Ap #498-2740 Turpis Road,Kentucky,77195,462-4829 Nulla St.
847-3572 Dui Avenue,IA,26512,Ap #804-3924 Venenatis St.
"P.O. Box 727, 5649 Egestas St.",AR,71777,391-2013 Nascetur Av.
"P.O. Box 809, 395 Luctus Av.",Arkansas,72580,5838 Ipsum Rd.
Ap #859-1091 Ipsum. St.,MT,87537,Ap #847-7350 Vitae St.
Ap #868-1101 Vivamus St.,ME,35188,"P.O. Box 278, 462 Ullamcorper. St."
"P.O. Box 882, 8275 Vestibulum Av.",Illinois,76792,476-9247 Laoreet Rd.
"4156 Et, St.",HI,43622,409-5101 Nunc. Street
"Ap #575-4871 Vestibulum, Road",DE,26186,Ap #498-4151 Odio Ave
"P.O. Box 464, 2195 Proin Road",Illinois,81092,177-3657 Metus. Ave
"P.O. Box 265, 6134 Nibh. Street",TN,68146,"P.O. Box 171, 7553 Iaculis Rd."
119 Nec St.,UT,74419,"P.O. Box 997, 6969 Varius Rd."
9053 Proin Road,Pennsylvania,12592,"Ap #461-9912 Vitae, Street"
717-4830 Posuere Rd.,WY,28698,2564 Rutrum. Street
Ap #853-9602 Risus. St.,Maine,95229,208-4437 Elit Road
1539 Egestas Rd.,TX,27790,"P.O. Box 260, 4263 A, St."
Ap #677-9109 Blandit St.,MD,46146,558-532 Velit. Road
"P.O. Box 540, 1268 Aenean St.",Virginia,73067,622-6025 Quam Avenue
"P.O. Box 648, 2418 Nostra, St.",Massachusetts,80050,Ap #841-255 Dui Avenue
"P.O. Box 702, 9041 Pellentesque Av.",TX,35178,4288 Tortor Rd.
167-5225 Enim. Ave,HI,21193,Ap #905-9431 Vivamus St.
"P.O. Box 895, 6345 Augue. Ave",HI,88184,Ap #824-4031 Pretium Rd.
1523 Placerat Avenue,CA,93282,9000 Dictum. Rd.
489-9737 Quisque Rd.,Iowa,95653,Ap #216-6927 Nulla Avenue
2479 Ipsum. Road,Kentucky,63974,614-891 Vitae Rd.
Ap #940-9358 Maecenas Avenue,TN,56304,4403 Mollis Avenue
420-8277 Gravida Ave,CT,56683,"P.O. Box 657, 5350 Sit Rd."
162-5453 Molestie Ave,Kansas,23995,282-7129 Ut Ave
Ap #455-7059 Dolor Street,Iowa,46883,406-2353 Vivamus Av.
"P.O. Box 157, 4028 Etiam St.",NE,66425,"P.O. Box 899, 6068 Natoque St."
"P.O. Box 379, 3920 Mus. Avenue",WA,32277,Ap #127-372 Donec Street
"5339 Ullamcorper, Street",HI,31761,"P.O. Box 808, 1920 Dapibus Rd."
"798-5635 Sed, Road",FL,99702,Ap #923-6440 Neque Avenue
401-8502 Congue. St.,DE,91527,Ap #985-2475 Neque Road
5926 In Ave,MS,22466,"P.O. Box 976, 7616 Ac Rd."
"P.O. Box 678, 4773 Quisque Avenue",Maine,94419,Ap #921-7475 Aliquam Street
8305 Diam Av.,CA,96463,352 Sed Av.
Ap #719-7945 Vivamus Av.,WI,28443,"P.O. Box 400, 8048 Vel Street"
Ap #725-2422 Vivamus Rd.,NE,30471,Ap #330-5662 Amet St.
457-7856 Arcu. St.,Delaware,47938,"P.O. Box 857, 8251 Mollis. Road"
260-3343 Nisi. Av.,WY,89212,608-5904 Ut Road
373-1974 Condimentum Street,Connecticut,54282,9601 Faucibus Street
3861 Maecenas Street,LA,88205,Ap #329-401 Donec St.
"P.O. Box 840, 9230 Quisque Avenue",Wisconsin,44634,Ap #899-1462 Venenatis Rd.
"Ap #418-1135 Auctor, Av.",MT,62522,"P.O. Box 561, 5843 Purus. Street"
1270 Quisque Rd.,Wyoming,44446,5385 Purus. St.
1578 Diam. Road,IA,32560,Ap #866-9871 Ut Av.
Ap #264-9176 Erat Rd.,WI,86262,2158 Neque Ave
5862 Mauris St.,OH,21186,675 Lacinia St.
"Ap #826-9899 Vel, St.",Arizona,86675,Ap #918-9539 Nulla Road
6318 Aliquet Street,Colorado,26568,"P.O. Box 669, 8649 Magna, St."
3304 Euismod Road,Texas,24262,701-7835 Nibh. Rd.
"P.O. Box 264, 3697 Vestibulum Av.",Vermont,79295,"P.O. Box 334, 2138 Consequat St."
9777 Cras Av.,Maine,92940,"309-6685 Ut, Ave"
741-5349 Aliquam St.,FL,52515,3437 Gravida St.
Ap #965-6449 Lectus Av.,MT,95197,249-4118 Curabitur St.