locationname,locationID,fulladdress
IL,96351,Ap #704-1784 Pellentesque Road
California,92421,285 Pede Av.
Louisiana,92725,"Ap #680-2951 Est, Road"
WA,68162,159-6946 Nec Street
NE,55790,"P.O. Box 396, 6287 Magnis Rd."
Oklahoma,68147,"Ap #736-2349 Tempus, St."
FL,44775,646-4572 Nibh Rd.
Hawaii,75252,781-4804 Purus. Road
Massachusetts,93127,5538 Eros St.
Minnesota,55540,"2199 Orci, Avenue"
Florida,24724,227-4034 Nisl Ave
Georgia,99177,506-9638 Tristique St.
Iowa,22990,Ap #232-836 Massa. Road
Vermont,11860,"P.O. Box 480, 7032 Fames Avenue"
WA,74885,714-8597 Suspendisse Av.
Minnesota,80071,Ap #361-6000 Purus Street
Michigan,11915,"P.O. Box 876, 4312 Laoreet St."
MD,53916,567 Quisque Avenue
Texas,71389,9790 Ornare. Av.
MS,26200,Ap #929-4968 Neque St.
AR,72986,833-2332 Non Ave
CA,92801,9126 Consectetuer Rd.
Louisiana,49146,5068 Ut Road
AL,35169,Ap #770-4541 Nulla St.
MN,13815,Ap #270-3971 Volutpat. Road
TN,91914,"P.O. Box 324, 5684 Nec, Street"
Wyoming,11780,"782-5491 Et, St."
Louisiana,32245,"580-5772 Amet, St."
ID,70336,908-1572 Magna. Street
Louisiana,71085,910-8556 Convallis St.
Utah,26299,767-9970 Nibh. Street
AL,35029,8410 Facilisis Street
MS,97368,4707 Laoreet Rd.
Oregon,70944,3765 A Rd.
Illinois,79224,598-7518 Elit Avenue
NE,73253,120-2720 Dignissim Road
Arizona,85531,9565 Ante Street
Nebraska,10288,"3265 Lorem, Avenue"
Montana,96122,4082 Nascetur St.
Georgia,17739,"P.O. Box 303, 2686 Elementum Ave"
MT,47326,796-7287 Turpis. Ave
OR,49943,"648-6286 Sem, Rd."
AK,99997,Ap #945-7117 Tincidunt Avenue
CO,34228,227-1617 Mi Street
KS,19164,223-3843 Magna. Av.
California,94625,"P.O. Box 724, 8791 Augue Rd."
Louisiana,25760,"P.O. Box 537, 103 Pulvinar St."
VT,73131,Ap #795-2119 Lacinia St.
Maryland,48859,198-4459 Penatibus St.
GA,70040,Ap #163-7720 Dis Avenue
Pennsylvania,70744,Ap #723-9571 Ac Street
Alabama,35073,"P.O. Box 497, 8075 Sed Av."
KS,66158,"6778 Sem, Av."
VA,83059,609-2043 Praesent Rd.
California,90288,"P.O. Box 574, 911 Penatibus Road"
Wisconsin,26146,379-160 Aliquet. Av.
MI,84838,Ap #757-1780 Dolor. St.
Missouri,42446,"P.O. Box 316, 5442 Cum Rd."
Alaska,99909,414-9837 Duis Rd.
Idaho,19057,Ap #596-3521 Mauris Road
MA,83851,525-1624 Ullamcorper. Rd.
KS,51256,9894 Arcu. St.
PA,65956,3218 Quisque Ave
CA,94035,"P.O. Box 380, 820 Imperdiet St."
NE,52666,"P.O. Box 204, 2834 Sit St."
Kentucky,33631,"P.O. Box 838, 2716 Augue Rd."
OK,59217,6840 Quisque St.
OH,47816,"P.O. Box 486, 4834 Convallis Rd."
IA,35892,Ap #860-5175 Fermentum Rd.
WA,41725,"P.O. Box 997, 1982 Libero. Avenue"
CO,26355,781-4294 Eget Rd.
OK,78058,577-3236 Risus. Rd.
ME,68911,"P.O. Box 902, 6393 Et Rd."
HI,53617,298-2830 Diam Ave
UT,71007,"Ap #179-4844 Mauris, Street"
Oregon,96503,Ap #188-8732 Rutrum St.
Texas,26224,"P.O. Box 491, 6369 Lobortis St."
OK,71580,Ap #946-4371 Lobortis St.
Iowa,41634,7736 Luctus Avenue
CT,11230,100-7428 Ridiculus Ave
Arizona,85792,9558 Congue Av.
Ohio,37200,136-8775 Elementum Avenue
MA,98840,8079 Faucibus Road
Nevada,96966,6242 Ornare Av.
ID,37301,"P.O. Box 370, 1938 Risus. Rd."
NV,80369,489-8570 Euismod Avenue
Wyoming,79450,688-1687 Fermentum Street
Montana,18349,Ap #760-4530 Integer Rd.
IL,33134,3746 Eros Street
VA,96287,Ap #791-1070 Interdum. Av.
Nevada,61642,"P.O. Box 137, 5020 Nunc St."
NE,20539,495-608 Velit. Rd.
UT,38381,5399 Nunc St.
Kentucky,77546,"P.O. Box 670, 7262 Mauris Ave"
OH,96070,Ap #378-7421 Nisl. Rd.
KS,41081,"5409 Amet, Ave"
GA,63645,298-8449 Integer Street
PA,30493,"P.O. Box 952, 918 Massa. St."
AL,35277,2425 Integer Rd.
Wyoming,88600,Ap #357-8639 Mus. Ave