Restaurantid,fulladdress,schedule,name,websiteaddress,orderid,DeliveryDriver_studentid,DeliveryDriver_students_email,Delivery driver_Faculty_email,DeliveryDriver_staff_email
74401481699,Ap #373-4250 Mus. Rd.,,Leo Morbi Neque LLC,Garrett,16531220 9439,16920309 2359,dolor@enimEtiam.co.uk,a@risusDonec.org,blandit.enim.consequat@nuncac.net
57622535399,8965 Rutrum Street,12am-9pm,Tempor Arcu Vestibulum Foundation,Joel,16881016 3504,16730816 2564,vestibulum.Mauris.magna@natoquepenatibuset.com,nisi.dictum@ac.ca,libero.nec@felisNulla.co.uk
32921254199,823-7714 Per Road,12am-9pm,Nulla Eget Metus Incorporated,Burke,16391006 7804,16561025 3568,faucibus@magnaSuspendisse.org,porttitor.tellus@nibhAliquamornare.edu,Quisque.libero.lacus@nectempus.ca
20599807899,"P.O. Box 474, 9262 Arcu. Street",12am-9pm,Ut Eros Non Corporation,Ivan,16280617 1274,16750321 3980,quis@nuncrisus.net,tempor@scelerisquesed.ca,eu@sitametrisus.edu
19477046699,"427-9767 Adipiscing, St.",12am-9pm,Vel Company,David,16110725 0738,16240128 3763,ultrices.posuere.cubilia@magnaLoremipsum.edu,luctus@orci.org,pharetra.felis@Donecelementumlorem.com
91405834099,"P.O. Box 727, 1932 Vitae Road",10pm-6am,Lacus Quisque Imperdiet Industries,Merritt,16640204 6913,16860512 3010,vehicula@vitaemaurissit.edu,tellus@anteblandit.com,Proin.dolor.Nulla@utnisia.edu
91432932999,Ap #115-8154 Sit Road,9am-5pm,Morbi Metus Vivamus Inc.,Burke,16070625 2657,16150107 6424,vitae@Suspendisse.com,ipsum@scelerisque.com,amet.risus@PhasellusornareFusce.org
69261687299,5275 Suspendisse Road,12pm-5pm,Tortor Company,Emery,16700227 2883,16770801 7715,lacus@necanteblandit.ca,Integer.urna@luctusaliquetodio.ca,Maecenas.iaculis@Donec.net
18400125899,"Ap #913-5467 Orci, Av.",,Adipiscing Inc.,Barclay,16140427 0967,16180928 1460,ut.erat@luctus.com,blandit@Donecfeugiat.co.uk,lectus.Cum.sociis@aultricies.net
20350077799,Ap #704-6325 Magna Rd.,9am-5pm,Ultrices Duis Volutpat LLP,Emmanuel,16020807 7875,16671129 1671,Vestibulum.ut@ligulaAliquam.ca,non.ante@Pellentesqueut.com,mollis@risusaultricies.net
63748758699,"P.O. Box 233, 9711 Phasellus Street",9am-5pm,Blandit Consulting,Caesar,16590122 3916,16791228 6502,pellentesque@nequeNullam.com,vestibulum.massa.rutrum@malesuadafames.net,laoreet@accumsanlaoreetipsum.net
29449171699,"P.O. Box 581, 5788 Eu St.",,Ac Industries,Blake,16960422 0856,16890925 7829,luctus.sit@dictum.edu,odio.sagittis.semper@primisin.com,auctor.odio@NullaaliquetProin.com
23460281899,"P.O. Box 895, 1759 Purus, Avenue",10pm-6am,Sed Congue Elit Limited,Cooper,16080226 5199,16191028 0716,eleifend.nunc.risus@semegetmassa.com,scelerisque.lorem@nibh.net,sagittis@pedeacurna.co.uk
73815528499,"P.O. Box 463, 6050 Curae; Street",12am-9pm,Egestas LLP,Ulric,16590722 9024,16331207 7757,Sed.neque@Integertincidunt.ca,auctor@elit.com,lobortis@Utsagittislobortis.edu
58392153499,Ap #502-4966 Sit Road,10pm-6am,Ad Litora Torquent Ltd,Christian,16981102 3192,16971014 7670,vitae.diam.Proin@erat.edu,augue@Curabiturmassa.ca,bibendum@imperdiet.net
56524398099,315-2586 Libero. Rd.,12pm-5pm,Velit Company,Oleg,16110825 2592,16560112 4968,metus.eu.erat@luctusaliquet.co.uk,placerat.Cras@neccursusa.edu,Maecenas.malesuada@volutpatornarefacilisis.com
89912471199,"P.O. Box 638, 5205 Conubia Avenue",,Malesuada Corporation,Price,16140728 1201,16690207 0462,id@nuncQuisqueornare.edu,Nam.consequat.dolor@est.edu,vitae.diam.Proin@lectus.edu
25817556999,"P.O. Box 262, 9901 Nec St.",,Enim Gravida Associates,Axel,16130713 3379,16601119 5390,Aliquam.auctor.velit@laoreet.ca,id.enim@PraesentluctusCurabitur.co.uk,libero.nec.ligula@ProindolorNulla.org
15932993799,7617 Tellus. Rd.,12am-9pm,Morbi Company,Tate,16311109 4292,16750918 0951,ante.iaculis.nec@Donecnibh.com,sed.sapien.Nunc@malesuadavelconvallis.org,mi@pede.net
83746169099,Ap #428-4263 Quisque Ave,12am-9pm,Nascetur Ridiculus Mus LLP,Donovan,16480326 1991,16260605 8044,vitae.erat@dapibus.co.uk,tincidunt.Donec@libero.org,vestibulum@Proin.net
22386042799,1732 Nec Rd.,10pm-6am,Non Lobortis LLC,Clarke,16891207 2330,16860607 1655,magna@aliquet.ca,vitae.dolor.Donec@ultriciesornareelit.net,pede@amet.ca
47689968099,343-1421 Faucibus Road,,Vel Vulputate Associates,Lawrence,16090601 0806,16270420 0423,elit@Sed.com,turpis@necluctus.edu,scelerisque@pretiumet.com
78505135999,422-6452 Fermentum St.,12pm-5pm,Aliquet Libero Corp.,Leonard,16420224 5272,16450302 1299,dapibus.gravida@facilisis.co.uk,varius.ultrices@Lorem.edu,et.risus@eleifend.edu
92206941199,9758 Leo. St.,10pm-6am,Amet Industries,Hayes,16060408 6967,16460523 4618,et.pede.Nunc@nuncsed.co.uk,risus.varius.orci@sapienmolestieorci.co.uk,eu@adipiscingelit.net
79936891199,"P.O. Box 535, 6112 Magna. Av.",,Lacus Pede LLP,Gil,16420125 5215,16650220 2333,a.aliquet@euplacerat.ca,ut.ipsum.ac@dictumsapienAenean.ca,dictum@semeget.net
48423831999,Ap #789-8135 Sociis Rd.,9am-5pm,Eleifend Industries,Yasir,16480321 3570,16260909 0911,Lorem@elitsedconsequat.com,arcu@quispedePraesent.edu,semper@consectetuer.net
96699489999,395-5838 Phasellus Av.,,Ante LLC,Fritz,16930317 3885,16861130 2236,In@malesuadafames.ca,nec.imperdiet@Phasellus.net,vulputate@enimEtiamgravida.edu
59675844099,Ap #595-9596 Nec St.,,Massa Quisque Company,Rigel,16370520 3044,16671025 9430,faucibus@diam.com,feugiat.non@utdolordapibus.org,Vivamus@iaculislacuspede.edu
57602971399,"P.O. Box 285, 9101 Purus Road",,Ligula Eu Inc.,Ali,16190218 6079,16260526 8537,Sed.diam.lorem@augueeu.edu,amet.lorem@augueid.edu,In.mi.pede@eu.net
14722437099,897-7665 Magna. Street,12pm-5pm,Vivamus Euismod Urna Company,Felix,16840225 0628,16951129 8003,volutpat@Vivamussitamet.com,nonummy.ultricies@elitfermentumrisus.org,feugiat.Lorem@erategetipsum.org
40946721699,5908 Vivamus St.,10pm-6am,Vestibulum Mauris Magna Inc.,Rajah,16801014 5749,16311221 8957,Vestibulum.accumsan.neque@felis.ca,auctor.quis@velitinaliquet.com,adipiscing@fringillaest.edu
23258385999,Ap #633-3677 Et Av.,10pm-6am,Aliquam Enim Nec Consulting,Lewis,16790424 3156,16570901 6306,iaculis.aliquet@Donectempus.edu,egestas@magnamalesuada.edu,commodo.at.libero@egestasSedpharetra.co.uk
83656255099,4680 Ac Avenue,,Enim Nec LLP,Phillip,16611002 6074,16521203 8185,volutpat.Nulla.facilisis@parturientmontesnascetur.net,elit.pellentesque@lacus.net,nisi.nibh.lacinia@arcu.org
58462375799,641 Quam St.,,Phasellus Institute,Lev,16321011 6350,16971227 3607,amet.diam.eu@magnaLoremipsum.org,lobortis.mauris@rutrumFuscedolor.ca,non.sapien@etultricesposuere.net
31707588499,"P.O. Box 815, 9134 Duis Avenue",,Cursus Et Eros Company,Neil,16430723 4627,16320321 5789,dapibus.id@atpedeCras.com,ut.eros@Loremipsumdolor.net,at@nasceturridiculusmus.com
51805529899,2022 Risus. St.,12am-9pm,Imperdiet LLC,Jeremy,16571208 5173,16290912 0756,feugiat.tellus.lorem@nasceturridiculusmus.com,et.lacinia@sit.edu,vulputate.lacus@fringillaDonec.org
36414255199,Ap #109-9481 Lacus Road,9am-5pm,Integer Tincidunt Company,Martin,16040521 6425,16320313 5730,Nulla.facilisi.Sed@blandit.co.uk,orci.tincidunt.adipiscing@maurisaliquam.ca,pretium.et.rutrum@facilisisloremtristique.org
45374288699,367-647 Dolor. Rd.,12pm-5pm,Turpis Corporation,Jack,16251005 4790,16100114 1462,Curabitur@duiCras.net,Maecenas.malesuada@vitaeposuereat.edu,Aliquam@eu.co.uk
68611803799,4866 At Rd.,12pm-5pm,Tellus Suspendisse Sed Corporation,Perry,16580626 4403,16190918 3509,pede@Nuncacsem.edu,morbi@variuseteuismod.co.uk,Cras.interdum@Etiamligula.ca
66636446599,Ap #788-9409 Amet St.,9am-5pm,Cras Eget Associates,Austin,16980507 8319,16061122 3884,Vestibulum.ut.eros@faucibusMorbi.net,nascetur.ridiculus@dolorelitpellentesque.edu,consectetuer.adipiscing@Integer.net
12819995299,451-8332 Sed Avenue,12am-9pm,Facilisis Facilisis Magna Consulting,Martin,16811026 2840,16620804 7966,aliquet.nec@enimNuncut.org,tellus@vitae.ca,nec.tellus@Cumsociisnatoque.edu
36730448899,915-9991 Ante St.,12pm-5pm,Eu Inc.,Clinton,16190229 4352,16740807 5294,nisi.a.odio@Aliquamgravida.com,turpis.nec@non.com,ac.fermentum@parturientmontes.com
85405147799,9960 Dictum Av.,9am-5pm,Ante Limited,Brendan,16251018 6451,16190708 9385,dictum@etlacinia.com,consectetuer@consectetuermauris.ca,arcu@sagittis.edu
54700503999,"P.O. Box 260, 8139 A, Rd.",12am-9pm,Mauris Magna Duis Consulting,Hamilton,16431030 2718,16170603 0762,amet.ornare.lectus@ridiculus.org,ut@Fusce.com,Etiam@tellusidnunc.org
61444744199,"P.O. Box 388, 873 Venenatis St.",12am-9pm,At Arcu Associates,Tyrone,16951017 0138,16510603 5479,ut.pharetra@InloremDonec.co.uk,dui.Fusce.aliquam@cursusvestibulum.net,id.magna@Vestibulumuteros.edu
68601454899,"P.O. Box 456, 2291 Vitae Avenue",9am-5pm,Nam PC,Bert,16680618 0284,16170101 6709,vulputate.velit@Inatpede.net,Integer.sem.elit@ullamcorper.co.uk,Etiam.imperdiet@esttempor.com
30890293899,802-4512 Hymenaeos. Rd.,12am-9pm,Nulla Tempor LLP,Burton,16420916 2389,16850311 2966,cursus@Aliquam.ca,scelerisque.scelerisque@egetmollislectus.net,dictum@eratSed.com
49570131099,4579 Egestas. Road,9am-5pm,Cras Eget Nisi Corp.,Shad,16180821 1518,16391018 6083,libero.nec@nisidictumaugue.net,urna.Nullam.lobortis@nisl.edu,parturient.montes@interdumNuncsollicitudin.ca
02472326999,4085 Pede Rd.,,Cursus LLC,Flynn,16081228 0303,16330530 4929,Duis.mi@natoquepenatibus.com,velit@maurissitamet.com,eleifend@ligulaAenean.com
68681601599,"P.O. Box 127, 7123 Aliquet St.",10pm-6am,Eu Elit Inc.,Beck,16930712 7879,16231218 9166,ligula.Nullam@posuere.net,ut@nibhPhasellusnulla.edu,molestie.arcu@vitae.org
43799890299,8161 Sit Av.,,Metus Aliquam Consulting,Logan,16130314 7944,16580125 4011,odio@pedeCumsociis.net,Aliquam@pedeblanditcongue.org,venenatis@anteMaecenas.net
10706579799,"P.O. Box 969, 8743 Iaculis St.",,Cubilia Limited,Linus,16550512 9089,16650307 0929,ultricies@nisl.co.uk,ultrices.posuere.cubilia@arcu.org,dui@risusIn.ca
45949425799,2580 In St.,10pm-6am,Non Institute,Aladdin,16200206 7607,16450419 7395,est@mattisIntegereu.co.uk,nec.eleifend@sitametmetus.org,eget.tincidunt.dui@molestiesodalesMauris.net
40379652899,5333 Condimentum Rd.,9am-5pm,Nibh Quisque Nonummy LLP,Bert,16830126 6758,16081216 8631,tincidunt.tempus@maurisblanditmattis.com,Aliquam.fringilla.cursus@turpis.com,tincidunt.aliquam@lobortis.co.uk
28684073099,Ap #657-5099 Felis Street,,Semper Nam Tempor LLC,Thaddeus,16980205 2705,16701005 1774,enim.Etiam.gravida@Uttincidunt.com,vestibulum.massa@CraspellentesqueSed.net,neque@nullaanteiaculis.co.uk
74983214099,2664 Egestas Rd.,9am-5pm,Aliquam Erat Volutpat Corporation,Wayne,16180403 6406,16170314 9573,nonummy@eliteratvitae.org,sodales.Mauris.blandit@massaMauris.edu,Sed.nec.metus@pedeac.co.uk
11713067099,6171 Nonummy Road,12pm-5pm,Vel Vulputate Associates,Ishmael,16110628 7442,16840523 9438,mauris.ipsum@mifelis.ca,auctor.odio@egestasurna.co.uk,Maecenas@eleifendvitaeerat.ca
45666116399,Ap #950-2928 Iaculis Rd.,10pm-6am,Aliquet Diam Sed Consulting,Hiram,16840614 2284,16040928 6457,Nulla.semper.tellus@variusultricesmauris.com,Proin.eget.odio@quam.edu,Donec@ametconsectetueradipiscing.org
53934591799,Ap #445-4791 Phasellus Rd.,12am-9pm,Sagittis Incorporated,Jin,16931228 3352,16920123 1744,Duis.gravida.Praesent@eleifendnuncrisus.co.uk,aliquam.iaculis@leoMorbineque.ca,Nulla@sociosquad.org
10427084499,"P.O. Box 824, 4517 Elit, Ave",,Auctor Quis Limited,Geoffrey,16260605 8903,16220707 5488,mollis.vitae.posuere@non.com,vel.est@Nullamut.co.uk,dapibus.quam.quis@accumsanneque.net
29563527099,Ap #379-8473 Mollis. St.,12am-9pm,Quis Lectus LLC,Neville,16870716 0175,16910126 3599,sit.amet@placerategetvenenatis.co.uk,mauris.a.nunc@ultrices.edu,diam.eu.dolor@lacinia.co.uk
22339164499,Ap #440-8443 Nec Avenue,10pm-6am,Pellentesque Corporation,Murphy,16950517 3451,16611016 8348,Phasellus.in.felis@vitaeeratVivamus.co.uk,eu.tellus@maurissit.co.uk,Cras.interdum.Nunc@enim.ca
39902491199,"P.O. Box 250, 3384 Malesuada Ave",,Ornare Fusce Company,Conan,16140220 2830,16130826 1393,consectetuer.cursus.et@etrisusQuisque.org,dolor.elit.pellentesque@nequevenenatislacus.com,quis@enimgravida.co.uk
50864599599,"P.O. Box 326, 1955 Porttitor Road",12am-9pm,Accumsan Sed Facilisis Associates,Martin,16470830 8814,16810724 6137,ligula.Nullam@a.ca,mollis.Integer.tincidunt@Phasellusataugue.com,eget@dictum.ca
94315233799,"P.O. Box 637, 8312 Nec Ave",12am-9pm,Ut Molestie In LLP,Eric,16850625 2595,16710507 3626,pulvinar@lectus.net,luctus.felis.purus@sapiencursusin.org,leo.Cras@eratVivamusnisi.org
76785215599,306-5137 Nunc Rd.,12am-9pm,Nec PC,Amir,16790226 1226,16720515 9077,cursus@auctornon.co.uk,penatibus@elitdictum.ca,Duis.at@dapibusquam.ca
11680761299,"6258 At, Ave",,Et Euismod Et Corp.,Howard,16970423 2595,16541223 6910,nibh.Phasellus.nulla@etmagnis.net,in@temporaugueac.org,arcu.vel@Praesent.com
08828693399,Ap #451-8107 Erat Ave,12am-9pm,Suspendisse Corporation,Dustin,16100230 6239,16681016 3839,odio.tristique.pharetra@lobortisrisusIn.ca,amet.risus.Donec@auctornon.com,id.erat@massa.ca
49528441699,8036 Tempus Street,12am-9pm,Dictum Industries,Daquan,16861206 5527,16691017 4165,luctus@tellus.edu,sem.eget@sodalesnisimagna.net,Fusce.mollis.Duis@quismassa.org
10362065499,353-8421 Proin St.,10pm-6am,Placerat Augue Sed Institute,Kelly,16390715 1736,16860626 4771,erat@egetnisi.org,tempus@vulputaterisusa.co.uk,non.sapien@variusNam.co.uk
48897145599,Ap #102-1761 Urna. Rd.,10pm-6am,Augue Ltd,Leo,16770707 5573,16960702 6789,in@non.edu,velit.Quisque@euismod.edu,quis.diam.Pellentesque@arcu.ca
46888217999,"P.O. Box 684, 5784 Rutrum St.",,Hendrerit Id Ante Ltd,Ronan,16370811 7498,16480923 8209,non.sapien@aliquamerosturpis.co.uk,interdum@tincidunt.edu,egestas.Aliquam@sagittissemper.com
10461241199,978-9115 Magna. Avenue,12pm-5pm,Dapibus Rutrum Justo Ltd,Samson,16190802 4928,16980924 4321,sodales.nisi.magna@varius.ca,Pellentesque.tincidunt.tempus@acorci.co.uk,dui.nec@dolorFusce.edu
82408493999,"P.O. Box 343, 2822 Suspendisse Rd.",10pm-6am,Lectus Sit Amet Corp.,Tarik,16040523 9591,16360924 9309,Curabitur.dictum@erosnectellus.ca,velit.egestas@aliquetProin.net,suscipit@magnaPhasellus.org
72971620799,4425 Risus. Avenue,12am-9pm,Nec Enim Nunc Industries,Xander,16120323 2788,16771014 5181,dolor.quam.elementum@dapibusrutrumjusto.co.uk,Nulla@augue.org,orci@euismod.co.uk
68834198399,647-6151 Sodales Avenue,12pm-5pm,Dui In Sodales Consulting,Xanthus,16410919 3047,16080129 4034,ligula.Nullam.enim@posuereat.net,sapien.cursus@Maecenas.co.uk,id.magna.et@Etiamgravidamolestie.co.uk
41503919599,Ap #997-4690 Morbi St.,,Egestas Urna LLP,Tanner,16471228 6741,16011122 4804,ullamcorper.eu@sitamet.co.uk,lorem@malesuadafames.org,faucibus.orci.luctus@sodalesMaurisblandit.com
03732068099,480 Lacus. Street,12pm-5pm,Nibh Dolor Corporation,Stephen,16830427 4817,16360419 1498,nec.tempus@facilisismagna.com,amet.risus@sitamet.co.uk,elit.pharetra.ut@Integervitae.org
59298999699,6186 Nullam Street,12pm-5pm,Nunc Ac Mattis LLP,Joshua,16350330 1404,16380215 2706,vitae.sodales.nisi@Phasellusdapibus.org,habitant.morbi.tristique@euerat.net,sollicitudin.commodo@tempus.edu
63548738599,"5976 At, Av.",10pm-6am,Ridiculus Mus Proin Limited,Boris,16041226 2701,16590213 4476,porta.elit@dolorNullasemper.co.uk,enim.nisl.elementum@congue.com,Proin.mi@liberomauris.edu
96570818199,5953 Fusce St.,12pm-5pm,Faucibus Orci Luctus Consulting,Cole,16980301 6329,16230511 6796,aliquam@Mauriseu.ca,rutrum.urna@sapien.ca,ut@dignissimmagna.edu
81848426199,357-9761 Duis Rd.,12pm-5pm,Suspendisse Commodo Tincidunt Company,Marsden,16900513 0878,16560416 7618,dapibus@dictummagna.ca,iaculis.lacus.pede@mollisIntegertincidunt.edu,ipsum.nunc@sagittis.co.uk
85970619499,529-1831 Erat Road,10pm-6am,Massa Ltd,Hunter,16551130 7554,16570319 2673,vel.quam@purusactellus.co.uk,eu.nulla@commodoat.edu,eu.dolor.egestas@tristique.com
63675318899,"P.O. Box 682, 214 Semper Rd.",12am-9pm,Hendrerit Consectetuer Cursus Incorporated,Graiden,16960901 2449,16050226 0193,Curabitur.consequat@feugiat.co.uk,malesuada.fringilla@Cras.ca,porttitor.eros.nec@auctorquistristique.org
78212094499,113-2355 Donec Rd.,12am-9pm,Congue Inc.,Philip,16680905 0963,16251128 0220,Quisque.fringilla.euismod@neceuismod.net,dictum.ultricies@tempusrisus.com,rutrum.urna@hendreritDonec.edu
55659609499,"P.O. Box 927, 6012 Sapien, Street",12am-9pm,In Aliquet Limited,Ishmael,16980215 8171,16580309 4936,tristique.pellentesque.tellus@blanditmattisCras.co.uk,id.libero@enim.org,Cras@necmaurisblandit.edu
73241581099,"P.O. Box 806, 4991 Aenean Avenue",9am-5pm,Augue Porttitor Interdum Institute,Rahim,16050608 3187,16200603 4009,ornare.egestas.ligula@necmetus.com,consequat@fermentummetusAenean.co.uk,nostra.per@orcilacus.net
07945578799,705 Nascetur St.,,Auctor Odio A Institute,Keaton,16690126 9735,16601101 1654,dictum.placerat.augue@tincidunt.ca,ut@augue.co.uk,augue.malesuada@ut.net
34677325999,Ap #189-7171 Ac Av.,12pm-5pm,Id Magna Corporation,Kirk,16000809 5739,16730519 1913,in.consectetuer.ipsum@diamnunc.co.uk,arcu.iaculis.enim@tortorNunccommodo.edu,penatibus.et@dolor.net
58429837499,Ap #405-8601 Sem Street,12am-9pm,Ipsum Non Arcu LLP,Uriah,16790423 1771,16591026 7532,nulla@dictum.edu,enim.diam@Suspendissesed.org,lorem.fringilla@laciniavitae.net
89464609099,5508 Vivamus St.,10pm-6am,Purus Limited,Benedict,16690102 5814,16670715 1525,elit@dignissim.ca,neque.Sed@Maurisnulla.co.uk,risus.at@pedeultricesa.edu
04441634899,Ap #402-2254 Nunc Av.,,Sed Nunc Est Limited,Boris,16510401 8626,16710307 6886,molestie.tortor.nibh@interdumSedauctor.co.uk,euismod@tincidunt.org,convallis.dolor.Quisque@semvitae.com
66529335599,801-1072 Faucibus Road,,Pellentesque LLP,Basil,16881223 0368,16961030 9743,mauris.erat.eget@aliquet.com,nibh.sit@turpisNulla.edu,In@massa.org
77872731699,Ap #908-6221 Metus. St.,9am-5pm,Egestas Associates,Russell,16221016 6944,16010720 5726,non.arcu.Vivamus@rutrum.ca,montes@bibendumullamcorper.ca,elementum.lorem.ut@parturientmontes.org
78294959999,"4851 Non, Rd.",12am-9pm,Sociis Consulting,Elvis,16420420 3311,16340504 5729,lacinia.vitae.sodales@ipsumSuspendisse.org,Quisque.imperdiet.erat@gravidasagittisDuis.edu,tincidunt@at.org
36587766299,7429 Malesuada St.,12am-9pm,Tortor LLC,Rafael,16910216 0752,16970317 4418,lacus.pede.sagittis@nibhenimgravida.edu,non.nisi.Aenean@Etiamvestibulummassa.co.uk,condimentum.eget@mollis.co.uk
26778051199,280-6202 Nibh Rd.,9am-5pm,Elit Pharetra Ut Corp.,Lawrence,16100315 5122,16960213 1493,hymenaeos@lorem.com,Morbi.quis@tristiquesenectuset.net,velit.justo@Curae.net
20920050899,"P.O. Box 771, 8635 Elit St.",12am-9pm,Augue Sed Ltd,Reed,16290722 4626,16590924 4385,tincidunt@arcuiaculisenim.co.uk,at.pretium.aliquet@velarcu.edu,lectus.pede.ultrices@Praesenteu.com
03581240799,"P.O. Box 972, 3137 Sed Rd.",12am-9pm,Mollis Dui Corporation,Noah,16680125 9752,16130123 0072,Sed.neque@estac.org,auctor.quis.tristique@Nullaeu.net,ante.blandit.viverra@sitamet.com
93949499299,546-276 Sapien St.,,Sollicitudin Orci Sem Ltd,Alfonso,16610407 4320,16700311 1981,magna.nec.quam@sempererat.ca,urna@nisi.ca,Praesent.eu.nulla@nonhendreritid.com