studentid,email,fulladdress,phonenumber,orderid
69774976,arcu.iaculis.enim@risusquis.co.uk,5088 Blandit. Ave,16660229 3935,6809475
57074792,In.condimentum.Donec@scelerisquesedsapien.org,"P.O. Box 704, 1353 Enim, Rd.",16420229 6218,7416934
46783224,nulla.Cras.eu@Donecvitae.com,Ap #567-7021 Tempor Rd.,16900613 7849,2988180
47216456,id@consequat.net,427-8379 Urna. Street,16270514 0172,6894481
78171870,Nullam.vitae.diam@malesuadafringilla.org,"P.O. Box 742, 758 Erat. St.",16520617 9755,6657233
35327984,erat.volutpat@lobortis.org,"318-7604 Erat, Street",16160517 7532,3167959
66738288,faucibus@vehiculaaliquetlibero.net,"P.O. Box 332, 1732 At St.",16470108 4362,6127836
67961770,Phasellus.dapibus@sedpede.com,2248 Lectus St.,16470624 7717,10895639
53978291,adipiscing@vitae.ca,331-7673 Eget Ave,16990311 6631,3251827
62853928,dolor.egestas.rhoncus@sitamet.net,887-8042 Imperdiet Road,16740526 6938,2140821
15454211,congue@Vestibulumaccumsan.com,Ap #400-5154 Nisi Avenue,16110311 9226,1856405
27953143,est.vitae.sodales@quis.net,"P.O. Box 606, 9398 Eu St.",16810203 8018,8114766
10863435,volutpat.nunc@Integer.com,"P.O. Box 849, 7041 A, Avenue",16731117 7211,10084407
36851296,sociis.natoque.penatibus@ametrisusDonec.co.uk,382 Diam Ave,16291021 0679,2151600
78270147,vel.arcu.Curabitur@sagittis.edu,"249-1241 Augue, St.",16660720 3368,7484110
35205547,dolor.nonummy.ac@disparturientmontes.edu,"P.O. Box 310, 2957 Fermentum Av.",16900223 5407,5432242
18767067,viverra.Maecenas.iaculis@massaQuisque.ca,Ap #839-5476 Aenean Rd.,16721024 0037,10542405
23923299,tempor.lorem@Aenean.edu,6114 Felis. Road,16190319 2118,3423805
35332822,auctor.non@lacinia.ca,Ap #451-6128 At St.,16391226 9283,10496211
36858775,urna.Ut@vehicula.edu,"P.O. Box 788, 6657 Praesent St.",16980224 9350,11059306
57193554,pretium@eumetusIn.com,"P.O. Box 103, 5509 Vivamus Av.",16370205 4960,4111631
68393326,Morbi.quis.urna@ultricessitamet.edu,"5589 Ornare, St.",16781112 8821,4399645
77767597,erat.eget.tincidunt@elitpretium.ca,Ap #750-4685 Pretium Rd.,16041203 0462,4747257
65540215,tincidunt@atsemmolestie.net,"P.O. Box 304, 2201 Eu, Street",16090305 4468,10125781
50249289,dictum.cursus.Nunc@velarcu.ca,"P.O. Box 602, 2003 Tincidunt St.",16740820 3268,2541728
37283401,Curabitur@pedeblandit.com,Ap #592-6670 Non Street,16221013 2912,9174121
52630421,parturient@eu.ca,"P.O. Box 869, 3571 Eu Street",16831208 4034,7331994
76335839,consectetuer@vehiculaPellentesquetincidunt.edu,"P.O. Box 435, 7486 Eget Street",16771121 4655,8700086
2833661,dui.Cum@dictum.edu,"P.O. Box 432, 5673 Sit St.",16050619 7243,5532793
15905401,elit@arcuAliquamultrices.ca,4707 Phasellus Ave,16640314 8460,4574918
25368161,morbi.tristique@velitegestaslacinia.ca,"P.O. Box 183, 5202 Dui. Av.",16340902 8127,9370632
25131076,diam.dictum.sapien@semper.edu,296-861 Phasellus Rd.,16760419 5144,6276278
57255971,enim.Suspendisse.aliquet@acnulla.ca,212-8133 Tellus Rd.,16060324 1126,11184184
69154873,nec.orci@Aliquameratvolutpat.net,"P.O. Box 165, 3779 Ut Rd.",16281214 0669,8415777
34437714,lacus.Mauris@Nullafacilisi.edu,Ap #122-8627 Dolor. Road,16280416 2895,4955095
76512595,Proin.nisl@ad.org,Ap #764-472 Lobortis Street,16640417 1016,3842097
54427010,placerat.orci.lacus@gravida.co.uk,453-7592 Aliquam Rd.,16141006 5237,11260516
72367141,vulputate.dui.nec@vel.ca,"2208 Elit, Avenue",16730804 8094,8158344
64555346,purus.mauris.a@nonquam.net,761-337 Turpis Road,16751230 2758,10470251
5432021,sit.amet.luctus@facilisiseget.org,Ap #523-6910 Magna. Ave,16650307 0051,10121889
73664329,dignissim.Maecenas.ornare@variusorciin.org,"P.O. Box 334, 5824 Consectetuer St.",16401011 8067,5383961
10730910,lobortis.quam.a@Cumsociisnatoque.ca,553-6481 Molestie Street,16340212 3198,7531708
45066992,nisi.sem.semper@SuspendisseeleifendCras.org,171-6546 Luctus St.,16760104 4774,11124647
41909072,vestibulum.neque.sed@vitaeodio.edu,497-846 Fusce Ave,16830920 1641,8034361
24497954,erat.semper@acmattis.ca,Ap #705-5732 Gravida. Av.,16930114 5455,1769193
31493645,auctor.ullamcorper.nisl@euturpis.org,8044 Felis Rd.,16560617 6542,2778324
30908720,ac@mauriserateget.edu,929-1718 Proin Rd.,16960302 9399,11268313
16931407,mi@Aliquamultrices.org,902-9593 Egestas St.,16180907 4840,5609441
35622887,rutrum@eleifend.com,Ap #924-962 Elit. Av.,16811101 6161,9194157
39644201,lorem.auctor.quis@fringilla.net,688-7331 Aliquam Ave,16870527 0414,6830791
10842592,a.nunc.In@tinciduntduiaugue.net,231-3931 Vel Ave,16380811 3199,9543572
34204623,Nam@aliquet.edu,874-8846 A Ave,16120729 3620,3787013
8062071,Curae.Phasellus.ornare@Morbiaccumsan.co.uk,860-9015 Aliquam Avenue,16000522 1775,2888334
75205201,malesuada@velit.net,719-8857 Morbi Rd.,16821124 6981,7805979
71527954,pharetra@dictumplacerataugue.org,8619 Enim. Rd.,16690403 9523,1547986
21150658,Suspendisse.eleifend.Cras@In.ca,Ap #177-4129 Tortor St.,16390219 2529,3519363
1071571,nisi.nibh@pellentesquetellus.org,Ap #298-7321 Aliquam Road,16410414 4227,10197979
40664325,rhoncus.Nullam@dictummagna.org,"P.O. Box 235, 8184 Velit Av.",16530807 6628,7803470
75990299,ridiculus.mus@necleo.com,Ap #973-4566 Blandit. Ave,16780624 6000,3777257
58539399,nec.tellus@temporarcuVestibulum.co.uk,9140 Neque Av.,16140803 0789,8768893
52849352,viverra@at.ca,"P.O. Box 218, 263 Eu Street",16840105 9996,10897519
62261683,imperdiet.non.vestibulum@Integervulputate.co.uk,"P.O. Box 599, 3557 Ante Road",16800605 9714,2285887
79285540,inceptos@elitpretiumet.co.uk,Ap #841-9092 Phasellus Avenue,16250302 6631,10489433
26741213,Fusce@Maurismolestiepharetra.org,373-9754 Feugiat. Rd.,16250603 8385,8261470
71498232,a.aliquet.vel@morbitristiquesenectus.org,"P.O. Box 209, 3234 Risus. Ave",16761016 9158,7019831
37914291,mattis.Integer@arcu.ca,"Ap #257-509 Fringilla, St.",16900919 9689,3584925
19798697,Aliquam@ultriciesadipiscingenim.ca,"P.O. Box 382, 6417 Risus. Street",16150413 4709,6180662
33300987,tempor.lorem@utmi.net,Ap #953-751 Fusce Rd.,16660311 7679,2003065
32945271,lacus@felisNulla.co.uk,6554 Tellus Road,16600606 9022,11483914
51410195,nec@augue.net,"P.O. Box 483, 7075 Amet, Ave",16890826 6201,6838827
71642522,blandit.mattis@amifringilla.net,"5033 Montes, Ave",16610428 1842,4079312
62335929,Aenean.euismod@orciUt.edu,"P.O. Box 296, 9583 Cras Rd.",16470520 7670,2513041
39756226,adipiscing.enim@sed.ca,2850 Ipsum Street,16481120 4033,1066911
25643915,Nunc.sollicitudin.commodo@facilisis.ca,"2669 Tincidunt, Avenue",16481018 6033,3029727
31588595,pharetra@sitamet.org,"P.O. Box 646, 5434 Vitae Rd.",16500618 3239,1506798
37652032,aliquam.eu.accumsan@Aeneanegestas.com,Ap #172-2275 Egestas Avenue,16810416 4325,6390102
39085181,eget.ipsum@ligulaAeneangravida.org,Ap #164-6152 Egestas. St.,16520715 8717,7049161
18952963,lacus.Etiam.bibendum@Sednunc.edu,"4270 Erat, Street",16480824 5841,5212023
25005205,aliquet.lobortis@duinecurna.net,"P.O. Box 736, 2136 Ante. Ave",16470909 1880,2317992
78488465,ad@euturpisNulla.co.uk,670-8177 Suspendisse Rd.,16861214 4371,3678113
28472052,magna.tellus@Donec.org,4346 Ligula. Av.,16800530 0853,3438209
65153419,arcu.Vivamus.sit@duiin.edu,"Ap #569-3624 Adipiscing, Av.",16361111 2008,10098254
58457744,non.magna.Nam@vulputate.co.uk,"634-7549 Vel, Ave",16660815 6920,11371965
36218983,Nunc.ullamcorper@posuereatvelit.com,9311 Nam Street,16730424 4820,7759190
23285863,justo.sit@odiovel.net,8683 Tincidunt St.,16540307 8057,9021810
23017749,semper.egestas@ligulaAeneangravida.com,8604 Dis St.,16770403 2460,11307345
10084898,sapien.imperdiet@commodoipsumSuspendisse.net,"P.O. Box 562, 6929 Quisque Ave",16770117 8647,8738865
75759290,et.eros.Proin@sitametorci.org,196-1464 Nulla Rd.,16960506 0095,11719353
31744676,tellus.sem.mollis@Duisvolutpatnunc.org,"Ap #972-7406 Suscipit, Ave",16511124 9354,9399083
14232610,Donec.sollicitudin@Aliquamgravidamauris.com,Ap #767-6336 Erat St.,16070115 5921,2751166
13724450,cursus.et@conubianostra.net,8098 Facilisis Street,16260913 2184,1908353
5186580,porttitor.vulputate.posuere@luctusCurabitur.org,286-2922 Aliquet Rd.,16980628 5103,11182713
67650449,mollis@lobortisauguescelerisque.co.uk,"P.O. Box 109, 6873 Mattis. Ave",16860206 6154,7256191
65734944,ultrices.mauris.ipsum@duiFuscediam.co.uk,702-4912 Rhoncus. Street,16160425 8580,7817513
6806513,porttitor.interdum@antebibendum.edu,7292 Nec Rd.,16920110 0824,11315002
71138413,tempus.scelerisque.lorem@pede.org,Ap #951-4905 Purus. St.,16500907 2967,11305798
43473157,dictum.magna.Ut@Suspendisseacmetus.co.uk,8622 Quam Rd.,16660107 8915,6550403
42897090,imperdiet.non@inmagna.net,207-4421 Et Rd.,16670525 0279,6092859
49595628,risus.at.fringilla@enim.org,256-625 Purus St.,16520120 0747,1519308
69581974,non.feugiat@lobortismaurisSuspendisse.com,883-8767 Sit Ave,16491122 5516,4333523